序号,文件命名,歌手,歌曲名,错误答案1,错误答案2,错误答案3,曲风,语种,年龄层,所属题库,难意程度(0/1),是否高潮,QQ音乐版权（0/1）,类型,问题
1,F.I.R. - 你的微笑.m4a,F.I.R.,你的微笑,月牙湾,我们的爱,千年之恋,流行,中文,80后｜90后,正常题库,0,1,0,常规,请猜出这首歌的名字
2,A-Lin - 未单身.m4a,A-Lin,未单身,单身情歌,可惜不是你,有一种悲伤,流行,中文,80后｜90后｜00后,正常题库,1,1,0,常规,请猜出这首歌的名字
3,Adele - Someone Like You.m4a,Adele,Someone Like You,Grenade,Stay,New Americana,流行,英文,90后｜00后,正常题库,0,1,0,常规,请猜出这首歌的名字
4,Beyoncé - Single Ladies.m4a,Beyoncé,Single Ladies,Halo,If I were a boy,Listen,流行,英文,80后｜90后,正常题库,1,1,0,常规,请猜出这首歌的名字
5,Alan Walker - The Spectre.m4a,Alan Walker,The Spectre,Company,All We Know,Long Live,EDM,英文,90后｜00后,正常题库,1,1,0,常规,请猜出这首歌的名字
6,"Alan Walker,Iselin Solheim - Faded.m4a",Alan Walker,Faded,Aloha Heia He,Family Affair,E.T.,EDM,英文,90后｜00后,正常题库,1,1,0,常规,请猜出这首歌的名字
7,"Alan Walker,Noah Cyrus,Digital Farm Animals - All Falls Down.m4a",Alan Walker,All Falls Down,Now Or Never,Tiger Dreams,Good Mourning,EDM,英文,90后｜00后,正常题库,1,1,0,常规,请猜出这首歌的名字
8,"Alex Goot,Chrissy Costanza,Kurt Hugo Schneider - Counting Stars.m4a",Chrissy Costanza,Counting Stars,Strange Love,The Climb,Waterbed,流行,英文,90后｜00后,正常题库,0,1,0,翻唱,请猜出这首歌的名字
9,GALA - 追梦赤子心.m4a,GALA,追梦赤子心,Young for you,北戴河之歌,你,流行,中文,80后｜90后｜00后,正常题库,0,1,0,翻唱,请猜出这首歌的名字
10,Anne-Marie - 2002.m4a,Anne Marie,2002,1 Sun,Hold Tight,Good Intentions,流行,英文,90后｜00后,正常题库,1,1,0,常规,请猜出这首歌的名字
11,"Avicii,Martin Garrix,Simon Aldred - Waiting For Love.m4a",Avicii,Waiting For Love,Color,Shivers,Sick Boy,EDM,英文,90后｜00后,正常题库,0,1,0,常规,请猜出这首歌的名字
12,Jean Roch - Can You Feel It.m4a,Jean Roch,Can You Feel It,Hand Clap,Boom Boom,How Do I Live,流行,英文,80后｜90后｜00后,正常题库,0,1,0,常规,请猜出这首歌的名字
13,AY楊佬叁 - 骗自己PT.2.m4a,AY楊佬叁,骗自己,Overboard,We Can't Stop,I'm The One,流行,中文,80后｜90后｜00后,正常题库,0,1,0,常规,请猜出这首歌的名字
14,Rihanna - Love The Way You Lie.m4a,Rihanna,Love The Way You Lie,Diamonds,Umbrella,Take A Bow,流行,英文,90后｜00后,正常题库,0,1,0,常规,请猜出这首歌的名字
15,Westlife - My Love (Radio Edit).m4a,Westlife,My Love,I want it that way,My blood,Beautiful in white,流行,英文,80后｜90后,正常题库,0,1,0,常规,请猜出这首歌的名字
16,Bharatt-Saurabh - Mila Jo Tu.m4a,Bharatt Saurabh,Mila Jo Tu,Wolves,7 Things,FU,流行,英文,90后｜00后,正常题库,1,1,0,常规,请猜出这首歌的名字
17,Billie Eilish - bad guy.m4a,Billie Eilish,bad guy,Wolves,Mistletoe,Mean,流行,英文,90后｜00后,正常题库,0,1,0,常规,请猜出这首歌的名字
18,Backstreet Boys - As Long as You Love Me.m4a,Backstreet Boys,As Long as You Love Me,Everybody,My love,Seasons in the sun,流行,英文,80后｜90后,正常题库,0,1,0,翻唱,请猜出这首歌的名字
19,Backstreet Boys - I Want It That Way.m4a,Backstreet Boys,I Want It That Way,You raise me up,Uptown Girl,Better man,流行,英文,80后｜90后,正常题库,1,1,0,常规,请猜出这首歌的名字
20,"Wham!,George Michael - Careless Whisper.m4a",Wham!,Careless Whisper,Going Home,Yesterday,Alone,流行,英文,80后｜90后,正常题库,1,1,0,翻唱,请猜出这首歌的名字
21,Bruno Mars - Treasure.m4a,Bruno Mars,Treasure,Where Are U Now,Ghost,Someday,流行,英文,80后｜90后｜00后,正常题库,0,1,0,常规,请猜出这首歌的名字
22,"Cash Cash,Sofia Reyes - How To Love.m4a",Cash Cash,How To Love,Lost Boy,Sick Boy,Boy With Luv,EDM,英文,90后｜00后,正常题库,1,1,0,常规,请猜出这首歌的名字
23,叶蒨文 - 潇洒走一回.m4a,叶蒨文,潇洒走一回,有一种悲伤,就是爱你,假装快乐,流行,中文,80后｜90后,正常题库,0,1,0,常规,请猜出这首歌的名字
24,Charli XCX - Boys.m4a,Charli XCX,Boys,Grenade,Inside Out,Bad Things,流行,英文,90后｜00后,正常题库,0,1,0,常规,请猜出这首歌的名字
25,Charlie Puth - Attention.m4a,Charlie Puth,Attention,Chasing the Sun,I'll Show You,Damage,流行,英文,90后｜00后,正常题库,0,1,0,常规,请猜出这首歌的名字
26,"Charlie Puth,Selena Gomez - We Don't Talk Anymore.m4a","Charlie Puth,Selena Gomez",We Don't Talk Anymore,Hit Fluffy,Favorite Girl,Colors,流行,英文,90后｜00后,正常题库,0,1,0,常规,请猜出这首歌的名字
27,张学友 - 如果这都不算爱.m4a,张学友,如果这都不算爱,吻别,没什么好悲哀,遥远的她,流行,粤语,80后｜90后,正常题库,0,1,0,常规,请猜出这首歌的名字
28,张学友 - 遥远的她.m4a,张学友,遥远的她,饿狼传说,情书,一千个伤心的理由,流行,粤语,80后｜90后,正常题库,0,1,0,常规,请猜出这首歌的名字
29,Christine Welch - 一百万个可能.m4a,Christine Welch,一百万个可能,天空之城,追梦赤子心,我的骄傲,流行,中文,80后｜90后,正常题库,0,1,0,翻唱,请猜出这首歌的名字
30,Corki - 下坠Falling.m4a,Corki,下坠Falling,飞机场的十点半,三人游,四人游,流行,中文,90后｜00后,正常题库,1,1,0,翻唱,请猜出这首歌的名字
31,Craig David - Insomnia.m4a,Craig David,Insomnia,Grenade,Inside Out,Bad Things,流行,英文,90后｜00后,正常题库,1,1,0,常规,请猜出这首歌的名字
32,Danny Avila - End Of The Night.m4a,Danny Avila,End Of The Night,Color,Shivers,Sick Boy,流行,英文,90后｜00后,正常题库,0,1,0,常规,请猜出这首歌的名字
33,"DAOKO,米津玄師 - 打上花火.m4a",米津玄師,打上花火,Lemon,极乐净土,恋爱循环,流行,日语,90后｜00后,正常题库,0,1,0,常规,请猜出这首歌的名字
34,"Dawin,R. City - Bikini Body.m4a",Dawin,Bikini Body,Color,Locked Away,Boy With Luv,流行,英文,90后｜00后,正常题库,1,1,0,常规,请猜出这首歌的名字
35,DEAMN - Sign.m4a,DEAMN,Sign,Ghost,Human,Cold Water,EDM,英文,90后｜00后,正常题库,1,1,0,常规,请猜出这首歌的名字
36,"吴忠明,元若蓝 - 心愿便利贴.m4a",元若蓝,心愿便利贴,小情歌,眼泪成诗,素颜,流行,中文,80后｜90后,正常题库,0,1,0,常规,请猜出这首歌的名字
37,"Deep Chills,IVIE - Run Free (feat. IVIE).m4a",Deep Chills,Run Free (feat. IVIE),Ghost,Poker Face,New York City,流行,英文,90后｜00后,正常题库,1,1,0,常规,请猜出这首歌的名字
38,"DP龙猪,宝楽CNBALLER,CLOUDWANG 王云 - 全部都是你.m4a",王云,全部都是你,The Seed,Roman Holiday,Dark Horse,流行,中文,80后｜90后,正常题库,0,1,0,常规,请猜出这首歌的名字
39,Ed Sheeran - Shape of You.m4a,Ed Sheeran,Shape of You,Roller Coaster,One Of The Boys,Pearl,流行,英文,80后｜90后｜00后,正常题库,1,1,0,常规,请猜出这首歌的名字
40,en - 嚣张.m4a,en,嚣张,绅士,兴风作浪,吻别,流行,中文,90后｜00后,正常题库,1,1,0,翻唱,请猜出这首歌的名字
41,Ersen0306 - 攀登 (抖音版）.m4a,Ersen0306,攀登 (抖音版）,Nevada,Gasoline,Not Ok,流行,中文,90后｜00后,正常题库,1,1,0,翻唱,请猜出这首歌的名字
42,F.I.R. - 月牙湾.m4a,F.I.R.,月牙湾,想你的每个夜晚,凉凉,魔鬼中的天使,流行,中文,80后｜90后,正常题库,0,1,0,常规,请猜出这首歌的名字
43,F20 - 果壳中的宇宙.m4a,F20,果壳中的宇宙,你好可爱,大城小爱,私奔到月球,流行,中文,90后｜00后,正常题库,1,1,0,常规,请猜出这首歌的名字
44,Fitz and The Tantrums - HandClap.m4a,Fitz and The Tantrums,HandClap,LiI Mama,Stay,One Time,流行,英文,80后｜90后｜00后,正常题库,0,1,0,常规,请猜出这首歌的名字
45,G.E.M.邓紫棋 - 倒数.m4a,G.E.M.邓紫棋,倒数,空白格,牛背上的孩子,天空之外,流行,中文,90后｜00后,正常题库,0,1,0,常规,请猜出这首歌的名字
46,G.E.M.邓紫棋 - 光年之外.m4a,G.E.M.邓紫棋,光年之外,那些年,欢迎光临,以后的以后,流行,中文,90后｜00后,正常题库,0,1,0,常规,请猜出这首歌的名字
47,G.E.M.邓紫棋 - 我的秘密.m4a,G.E.M.邓紫棋,我的秘密,晚安,云水谣,星星,流行,中文,90后｜00后,正常题库,0,1,0,常规,请猜出这首歌的名字
48,G.E.M.邓紫棋 - 来自天堂的魔鬼.m4a,G.E.M.邓紫棋,来自天堂的魔鬼,我爱他,原谅我一次,认真的雪,流行,中文,90后｜00后,正常题库,1,1,0,常规,请猜出这首歌的名字
49,G.E.M.邓紫棋 - 画 (Live Piano Session II).m4a,G.E.M.邓紫棋,画,初学者,环游世界,就是爱你,流行,中文,90后｜00后,正常题库,0,1,0,常规,请猜出这首歌的名字
50,G.G(张思源) - 小可爱与小领带.m4a,G.G(张思源),小可爱与小领带,Bad Girl,晚婚,烽火成书,流行,中文,90后｜00后,正常题库,1,1,0,常规,请猜出这首歌的名字
51,G.G(张思源) - 给陌生的你听.m4a,G.G(张思源),给陌生的你听,戏影,阴天,假装快乐,流行,中文,90后｜00后,正常题库,0,1,0,常规,请猜出这首歌的名字
52,S.H.E - 一眼万年.m4a,S.H.E,一眼万年,感官先生,快乐的节日,陪我做梦,流行,中文,80后｜90后,正常题库,1,1,0,常规,请猜出这首歌的名字
53,上海彩虹室内合唱团 - 感觉身体被掏空.m4a,上海彩虹室内合唱团,感觉身体被掏空,一个人生活,无条件爱你,我怎么这么好看,流行,中文,80后｜90后｜00后,正常题库,0,1,0,常规,请猜出这首歌的名字
54,"Gibb-Z,ICE - 陪着你走.m4a",ICE,陪着你走,喜剧之王,绅士,这里那里,流行,中文,90后｜00后,正常题库,0,1,0,常规,请猜出这首歌的名字
55,"HAS,HAS SAM努尔夏提,HAS Red K - Gucci&乌鲁木齐.m4a",HAS,Gucci&乌鲁木齐,Hand Clap,Bye Bye,Don't Push Me,流行,中文,90后｜00后,正常题库,0,1,0,常规,请猜出这首歌的名字
56,"Higher Brothers,Phum Viphurit - Lover Boy 88.m4a",Higher Brothers,Lover Boy 88,一个人生活,美美哒,一曲相思,hiphop,中文,90后｜00后,正常题库,1,1,0,常规,请猜出这首歌的名字
57,Ice Paper - 心如止水.m4a,Ice Paper,心如止水,阴天,小情歌,醉赤壁,流行,中文,90后｜00后,正常题库,0,1,0,常规,请猜出这首歌的名字
58,J. Sheon - 慢慢.m4a,J. Sheon,慢慢,艾瑞巴迪,不谓侠,妄想的月光,流行,中文,90后｜00后,正常题库,1,1,0,常规,请猜出这首歌的名字
59,Jain - Lil Mama.m4a,Jain,Lil Mama,A Billion Girls,Sparks Fly,Boom Boom,流行,英文,90后｜00后,正常题库,1,1,0,常规,请猜出这首歌的名字
60,张信哲 - 爱如潮水.m4a,张信哲,爱如潮水,信仰,过火,爱就一个字,流行,中文,80后｜90后,正常题库,0,1,0,常规,请猜出这首歌的名字
61,Joel Adams - Please Don't Go.m4a,Joel Adams,Please Don't Go,LiI Mama,Angel On Fire,All Night,流行,英文,80后｜90后｜00后,正常题库,0,1,0,常规,请猜出这首歌的名字
62,Jony J - 信仰.m4a,Jony J,信仰,一个人生活,感官先生,情深深雨濛濛,hiphop,中文,90后｜00后,正常题库,1,1,0,常规,请猜出这首歌的名字
63,"Justin Bieber,Ludacris - Baby.m4a",Justin Bieber,Baby,Tuesday,All Night,Babe,流行,英文,90后｜00后,正常题库,0,1,0,常规,请猜出这首歌的名字
64,"Justin Timberlake,Carey Mulligan,Stark Sands - Five Hundred Miles.m4a",Justin Timberlake,Five Hundred Miles,The Prologue,1 Sun,La La La,流行,英文,80后｜90后｜00后,正常题库,1,1,0,常规,请猜出这首歌的名字
65,Katie Sky - Monsters.m4a,Katie Sky,Monsters,Hold Me Down,Hide Away,New York City,流行,英文,80后｜90后｜00后,正常题库,0,1,0,常规,请猜出这首歌的名字
66,Kc - 不谈.m4a,Kc,不谈,Tuesday,Ur So Gay,Roses,流行,中文,90后｜00后,正常题库,0,1,0,常规,请猜出这首歌的名字
67,"Keith Ape,Okasian,KOHH -  (It G Ma).m4a","Keith Ape,Okasian,KOHH",It G Ma,Talk,How Do I Live,Now Or Never,hiphop,韩语,90后｜00后,正常题库,1,1,0,常规,请猜出这首歌的名字
68,Kesha - TiK ToK.m4a,Kesha,TiK ToK,End Starter,Haunting,Royals,EDM,英文,80后｜90后｜00后,正常题库,0,1,0,常规,请猜出这首歌的名字
69,Kevin Gates - 2 Phones.m4a,Kevin Gates,2 Phones,Feet,I'll Show You,Wake Up America,hiphop,英文,90后｜00后,正常题库,0,1,0,常规,请猜出这首歌的名字
70,张震岳 - 爱之初体验.m4a,张震岳,爱之初体验,小宇,思念是一种病,差不多先生,流行,中文,80后｜90后,正常题库,0,1,0,翻唱,请猜出这首歌的名字
71,"Kurt Hugo Schneider,Sam Tsui,Casey Breves - All Time Low.m4a",Sam Tsui,All Time Low,Aloha Heia He,Cattitude,Wildest Dreams,流行,英文,90后｜00后,正常题库,0,1,0,常规,请猜出这首歌的名字
72,Lenka - Trouble Is A Friend.m4a,Lenka,Trouble Is A Friend,Closer,Setting Fires,Dark Horse,流行,英文,90后｜00后,正常题库,0,1,0,常规,请猜出这首歌的名字
73,Lil Ghost小鬼 - GOOD NIGHT.m4a,Lil Ghost小鬼,GOOD NIGHT,无条件爱你,快乐的节日,幻听,流行,中文,90后｜00后,正常题库,1,1,0,常规,请猜出这首歌的名字
74,Lil.Jet - 说句实话.m4a,Lil.Jet,说句实话,余情未了,尘埃,包袱,流行,中文,90后｜00后,正常题库,0,1,0,常规,请猜出这首歌的名字
75,Imagine Dragons - Demons.m4a,Imagine Dragons,Demons,Shots,Believer,Natural,流行,英文,90后｜00后,正常题库,1,1,0,常规,请猜出这首歌的名字
76,"Little Mix,Charlie Puth - Oops.m4a",Charlie Puth,Oops,Lie,Royals,The Prologue,流行,英文,90后｜00后,正常题库,0,1,0,常规,请猜出这首歌的名字
77,李克勤 - 红日.m4a,李克勤,红日,月半小夜曲,一生何求,遥远的她,流行,粤语,80后｜90后,正常题库,0,1,0,常规,请猜出这首歌的名字
78,"Martin Garrix,Troye Sivan - There For You.m4a",Troye Sivan,There For You,Harmony Hall,Purpose,Roses,EDM,英文,90后｜00后,正常题库,1,1,0,常规,请猜出这首歌的名字
79,Martin Jensen - Solo Dance.m4a,Martin Jensen,Solo Dance,Let Me Love You,Boyfriend,Don't Say,EDM,英文,90后｜00后,正常题库,1,1,0,常规,请猜出这首歌的名字
80,Martin Tungevaag - Wicked Wonderland (Radio Edit).m4a,Martin Tungevaag,Wicked Wonderland,Baby,One Time,Poker Face,流行,英文,90后｜00后,正常题库,0,1,0,常规,请猜出这首歌的名字
81,Matteo - Panama.m4a,Matteo,Panama,Birthday,FU,The Climb,流行,英文,80后｜90后｜00后,正常题库,1,1,0,常规,请猜出这首歌的名字
82,Meghan Trainor - Me Too.m4a,Meghan Trainor,Me Too,Bloom,Red,Human,流行,英文,90后｜00后,正常题库,1,1,0,常规,请猜出这首歌的名字
83,"Mike Perry,SHY Martin - The Ocean (Radio Edit).m4a","Mike Perry,SHY Martin",The Ocean,Lie,Royals,The Prologue,EDM,英文,90后｜00后,正常题库,1,1,0,常规,请猜出这首歌的名字
84,Miley Cyrus - We Can't Stop.m4a,Miley Cyrus,We Can't Stop,COOL,Good Day,C'mon C'mon,流行,英文,90后｜00后,正常题库,0,1,0,常规,请猜出这首歌的名字
85,MiyAn - 给我们-翻唱.m4a,MiyAn,给我们,我的名字,答应不爱你,眼泪成诗,流行,中文,90后｜00后,正常题库,1,1,0,翻唱,请猜出这首歌的名字
86,MKJ - Time (Official).m4a,MKJ,Time ,Let Me Love You,Boyfriend,Don't Say,流行,英文,80后｜90后｜00后,正常题库,0,1,0,常规,请猜出这首歌的名字
87,李谷一 - 难忘今宵.m4a,李谷一,难忘今宵,团团圆圆,春节序曲,我和我的祖国,流行,民谣,80后｜90后,正常题库,0,1,0,常规,请猜出这首歌的名字
88,moumoon - Sunshine Girl.m4a,moumoon,Sunshine Girl,Birthday,FU,The Climb,流行,英文,90后｜00后,正常题库,1,1,0,常规,请猜出这首歌的名字
89,Nick Lopez - Pink Champagne.m4a,Nick Lopez,Pink Champagne,Bloom,Red,Human,流行,英文,90后｜00后,正常题库,1,1,0,常规,请猜出这首歌的名字
90,NINEONE - I don't wanna see you anymore.m4a,NINEONE,I don't wanna see u anymore,Castle,Lost In Japan,Bad At Love,流行,英文,90后｜00后,正常题库,0,1,0,常规,请猜出这首歌的名字
91,O-Zone - Dragostea Din Tei (Original Romanian Version).m4a,O-Zone,Dragostea Din Tei,蚂蚁牙黑,Trouble,Mayiyaha,流行,英文,90后｜00后,正常题库,1,1,0,常规,请猜出这首歌的名字
92,Olly Murs - That Girl.m4a,Olly Murs,That Girl,Shape Of You,Closer,Lost At Sea,流行,英文,90后｜00后,正常题库,0,1,0,常规,请猜出这首歌的名字
93,OneRepublic - Counting Stars.m4a,OneRepublic,Counting Stars,Sink,Blurred Lines,Say Say Say,流行,英文,90后｜00后,正常题库,0,1,0,常规,请猜出这首歌的名字
94,"Owl City,Carly Rae Jepsen - Good Time.m4a",Owl City,Good Time,Senorita,Alone,Slide Away,流行,英文,90后｜00后,正常题库,0,1,0,常规,请猜出这首歌的名字
95,"Panta.Q,Julia Wu - 依然.m4a",Panta.Q,依然,耿,我的秘密,大鱼,流行,中文,90后｜00后,正常题库,1,1,0,常规,请猜出这首歌的名字
96,Pawl - Your Love Shot Me Down (Radio Edit).m4a,Pawl,Your Love Shot Me Down,Eastside,Shake It Off,Castle,EDM,英文,90后｜00后,正常题库,1,1,0,常规,请猜出这首歌的名字
97,林忆莲 - 至少还有你.m4a,林忆莲,至少还有你,当爱已成往事,伤痕,不必在乎我是谁,流行,中文,80后｜90后,正常题库,1,1,0,常规,请猜出这首歌的名字
98,Pixie Paris - Es rappelt im Karton.m4a,Pixie Paris,Es rappelt im Karton,Habits,Love Story,2U,流行,英文,90后｜00后,正常题库,1,1,0,常规,请猜出这首歌的名字
99,王强 - 秋天不回来.m4a,王强,秋天不回来,老鼠爱大米,老人与海,我最亲爱的,流行,中文,80后｜90后,正常题库,1,1,0,常规,请猜出这首歌的名字
100,"PRPEL,Marcus & Martinus - Heartbeat (Nightcore) [PRPEL Remix].m4a",PRPEL,Heartbeat (Nightcore) [PRPEL Remix],Bad,Cold Water,Pray,流行,英文,90后｜00后,正常题库,0,1,0,翻唱,请猜出这首歌的名字
101,Russ - Psycho (Pt. 2).m4a,Russ,Psycho,Harmony Hall,The Middle,Walking On Air,流行,英文,90后｜00后,正常题库,0,1,0,常规,请猜出这首歌的名字
102,"SAM F,Sophie Rose - Limitless (feat. Sophie Rose).m4a",SAM F,Limitless (feat. Sophie Rose),Devil In Me,Space Boots,Overboard,流行,英文,90后｜00后,正常题库,1,1,0,常规,请猜出这首歌的名字
103,王杰 - 谁明浪子心.m4a,王杰,谁明浪子心,不浪漫罪名,伤心1999,我是真的爱上你,流行,粤语,80后｜90后,正常题库,0,1,0,常规,请猜出这首歌的名字
104,"SHAUN,Conor Maynard,Sam Feldt - Way Back Home (Sam Feldt Edit).m4a",SHAUN,Way Back Home,I Forgive Yiew,Somebody,Boys Boys Boys,流行,英文,90后｜00后,正常题库,1,1,0,常规,请猜出这首歌的名字
105,"Shawn Mendes,Camila Cabello - Senorita.m4a",Camila Cabello,Senorita,Haunting,Young,Done With Love,流行,英文,90后｜00后,正常题库,0,1,0,常规,请猜出这首歌的名字
106,"Shining,SNOW - rain（prod.bycon，feat snow）.m4a",SNOW,rain,Graveyard,Waterbed,Down,流行,英文,90后｜00后,正常题库,1,1,0,常规,请猜出这首歌的名字
107,"Sia,Alan Walker - Move Your Body (Alan Walker Remix).m4a",Sia,Move Your Body (Alan Walker Remix),Treasure,Tim McGraw,Slide Away,流行,英文,90后｜00后,正常题库,1,1,0,翻唱,请猜出这首歌的名字
108,张惠妹 - 卡门.m4a,张惠妹,卡门,血腥爱情故事,听海,趁早,流行,中文,80后｜90后,正常题库,0,1,0,常规,请猜出这首歌的名字
109,张惠妹 - 火.m4a,张惠妹,火,我要快乐,真实,卡门,流行,中文,80后｜90后,正常题库,0,1,0,常规,请猜出这首歌的名字
110,"The Chainsmokers,Coldplay - Something Just Like This.m4a",Coldplay,Something Just Like This,Bad At Love,Roar,Wrecking Ball,流行,英文,90后｜00后,正常题库,0,1,0,常规,请猜出这首歌的名字
111,"The Chainsmokers,Daya - Don't Let Me Down.m4a",The Chainsmokers,Don't Let Me Down,Firework,Overboard,Wide Awake,流行｜EDM,英文,90后｜00后,正常题库,0,1,0,常规,请猜出这首歌的名字
112,"The Chainsmokers,Halsey - Closer.m4a",The Chainsmokers,Closer,Good Day,Liberty Walk,Wake Up Alone,流行｜EDM,英文,90后｜00后,正常题库,0,1,0,常规,请猜出这首歌的名字
113,"Troye Sivan,Allie X - YOUTH.m4a","Troye Sivan,Allie X",YOUTH,Psycho,Talking Body,Trouble,流行,英文,90后｜00后,正常题库,1,1,0,常规,请猜出这首歌的名字
114,梁博 - 男孩.m4a,梁博,男孩,女孩,日落大道,忘不了,流行,中文,80后｜90后｜00后,正常题库,0,1,0,常规,请猜出这首歌的名字
115,"Vicetone,Cozi Zuehlsdorff - Nevada (feat. Cozi Zuehlsdorff).m4a",Vicetone,Nevada (feat. Cozi Zuehlsdorff),Castle,Sucker for You,Let's Dance,流行,英文,90后｜00后,正常题库,1,1,0,常规,请猜出这首歌的名字
116,"Vicetone,Cozi Zuehlsdorff - Way Back.m4a",Vicetone,Way Back,Wolves,Devil In Me,Tove LoClose,流行,英文,90后｜00后,正常题库,1,1,0,常规,请猜出这首歌的名字
117,王菲 - 但愿人长久.m4a,王菲,但愿人长久,明月几时有,把酒问青天,海上生明月,流行,中文,80后｜90后,正常题库,0,1,0,常规,请猜出这首歌的名字
118,王菲 - 我和我的祖国.m4a,王菲,我和我的祖国,我的中国心,真心英雄,龙的传人,流行,中文,80后｜90后,正常题库,0,1,0,常规,请猜出这首歌的名字
119,王菲 - 红豆.m4a,王菲,红豆,传奇,味道,流年,流行,中文,80后｜90后,正常题库,0,1,0,常规,请猜出这首歌的名字
120,Justin Bieber - Let Me Love You.m4a,Justin Bieber,Let Me Love You,Boyfriend,Baby,What do you mean,流行,中文,90后｜00后,正常题库,1,1,0,常规,请猜出这首歌的名字
121,叶丽仪 - 上海滩.m4a,叶丽仪,上海滩,夜上海,偏爱,浪子回头,流行,中文,80后｜90后,正常题库,1,1,0,常规,请猜出这首歌的名字
122,WILLOW - Wait a Minute!.m4a,WILLOW,Wait a Minute!,Empty Gold,That Girl,Feels,流行,英文,90后｜00后,正常题库,1,1,0,常规,请猜出这首歌的名字
123,"Wiz Khalifa,Charlie Puth - See You Again.m4a",Charlie Puth,See You Again,Heart Attack,Lost Boy,Aankhen Khuli,流行,英文,90后｜00后,正常题库,0,1,0,常规,请猜出这首歌的名字
124,"Zedd,Alessia Cara - Stay.m4a",Zedd,Stay,All My Friends,Sick Boy,Aankhen Khuli,流行｜EDM,英文,90后｜00后,正常题库,0,1,0,常规,请猜出这首歌的名字
125,"Zedd,Jon Bellion - Beautiful Now.m4a",Zedd,Beautiful Now,Baby,I Don't Care,Begin Again,流行｜EDM,英文,90后｜00后,正常题库,1,1,0,常规,请猜出这首歌的名字
126,Zella Day - East of Eden.m4a,Zella Day,East of Eden,Call You mine,Roses,Psycho,流行,英文,90后｜00后,正常题库,1,1,0,常规,请猜出这首歌的名字
127,ラムジ - PLANET.m4a,ラムジ,PLANET,打上花火,Earth,Lemon,流行,日语,90后｜00后,正常题库,1,1,0,常规,请猜出这首歌的名字
128,一棵小葱 _ 李宗南 - 狂浪生.m4a,一棵小葱,狂浪生,不必在乎我是谁,采蘑菇的小姑娘,素颜,流行,中文,90后｜00后,正常题库,1,1,0,常规,请猜出这首歌的名字
129,万能青年旅店 - 杀死那个石家庄人.m4a,万能青年旅店,杀死那个石家庄人,别怕我伤心,请先说你好,未曾相问,民谣,中文,90后｜00后,正常题库,0,1,0,常规,请猜出这首歌的名字
130,丢火车 - 白兰鸽巡游记.m4a,丢火车,白兰鸽巡游记,长痛不如短痛,问,空白格,民谣,中文,90后｜00后,正常题库,0,1,0,常规,请猜出这首歌的名字
131,丫蛋蛋 - 大田後生仔.m4a,丫蛋蛋,大田後生仔,阿童木之歌,归寻,不将就,流行,中文,90后｜00后,正常题库,0,1,0,常规,请猜出这首歌的名字
132,乔佳旭 - 小丑说.m4a,乔佳旭,小丑说,当,烦恼歌,如约,流行,中文,90后｜00后,正常题库,0,1,0,常规,请猜出这首歌的名字
133,二珂 - 三角题.m4a,二珂,三角题,爱情惹的祸,领悟,第一次,流行,中文,90后｜00后,正常题库,1,1,0,常规,请猜出这首歌的名字
134,于大海（于黑蛋） - 人设.m4a,于大海,人设,雨过之后,别把借口当理由,如果这就是爱情,流行,中文,90后｜00后,正常题库,0,1,0,常规,请猜出这首歌的名字
135,于大海（于黑蛋） - 从没有爱过 (男声独唱版).m4a,于大海,从没有爱过 (男声独唱版),我怎么这么好看,习惯了,今天你要嫁给我,流行,中文,90后｜00后,正常题库,0,1,0,常规,请猜出这首歌的名字
136,于果 - 侧脸.m4a,于果,侧脸,彩虹弟弟,类似爱情,爱就一个字,流行,中文,90后｜00后,正常题库,0,1,0,常规,请猜出这首歌的名字
137,于荣光 - 少林英雄.m4a,于荣光,少林英雄,别再闹了,微微一笑很倾城,下雨了,流行,中文,90后｜00后,正常题库,0,1,0,常规,请猜出这首歌的名字
138,五月天 - 倔强.m4a,五月天,倔强,艾瑞巴迪,Happy,Dissolve,流行,中文,80后｜90后,正常题库,0,1,0,常规,请猜出这首歌的名字
139,五月天 - 后来的我们.m4a,五月天,后来的我们,我的心好冷,冠世一战,非酋,流行,中文,80后｜90后,正常题库,0,1,0,常规,请猜出这首歌的名字
140,五月天 - 志明与春娇.m4a,五月天,志明与春娇,让你走,我的歌声里,离岸,流行,中文,80后｜90后,正常题库,0,1,0,常规,请猜出这首歌的名字
141,五月天 - 恋爱ing.m4a,五月天,恋爱ing,你还要我怎样,断点,橘子汽水,流行,中文,80后｜90后,正常题库,0,1,0,常规,请猜出这首歌的名字
142,五月天 - 拥抱.m4a,五月天,拥抱,爱你三千遍,不搭,一次就好,流行,中文,80后｜90后,正常题库,0,1,0,常规,请猜出这首歌的名字
143,五月天 - 温柔.m4a,五月天,温柔,我们多么幸福,爱转角,问琴,流行,中文,80后｜90后,正常题库,0,1,0,常规,请猜出这首歌的名字
144,五月天 - 知足.m4a,五月天,知足,偏爱,高唐,成全,流行,中文,80后｜90后,正常题库,0,1,0,常规,请猜出这首歌的名字
145,井胧 - 把孤独当做晚餐.m4a,井胧,把孤独当做晚餐,我的天空,认真的雪,步云,流行,中文,90后｜00后,正常题库,0,1,0,常规,请猜出这首歌的名字
146,任然 - 空空如也.m4a,任然,空空如也,好春光,狂浪,月光,流行,中文,80后｜90后｜00后,正常题库,0,1,0,常规,请猜出这首歌的名字
147,任素汐 - 胡广生.m4a,任素汐,胡广生,艾瑞巴迪,祖国和少年,宇宙之光,流行,中文,80后｜90后｜00后,正常题库,0,1,0,常规,请猜出这首歌的名字
148,伏仪 - 记昨日书.m4a,伏仪,记昨日书,撕夜,牧马城市,我好想你,流行,中文,90后｜00后,正常题库,1,1,0,常规,请猜出这首歌的名字
149,冯提莫 - 佛系少女.m4a,冯提莫,佛系少女,情深深雨濛濛,余香,失忆,流行,中文,90后｜00后,正常题库,1,1,0,常规,请猜出这首歌的名字
150,伍思凯 - 特别的爱给特别的你.m4a,伍思凯,特别的爱给特别的你,我真的受伤了,没那么简单,红豆,流行,中文,80后｜90后,正常题库,0,1,0,常规,请猜出这首歌的名字
151,刘可 - 寂寞才说爱.m4a,刘可,寂寞才说爱,橘子汽水,抱一下就好,我怎么这么好看,流行,中文,90后｜00后,正常题库,1,1,0,常规,请猜出这首歌的名字
152,刘心 - 好几年.m4a,刘心,好几年,素颜,非酋,断点,流行,中文,90后｜00后,正常题库,0,1,0,常规,请猜出这首歌的名字
153,刘瑞琦 - 房间-新版.m4a,刘瑞琦,房间,当冬夜渐暖,空白格,那女孩对我说,流行,中文,90后｜00后,正常题库,0,1,0,常规,请猜出这首歌的名字
154,刘至佳 - 说爱你.m4a,刘至佳,说爱你,爱你,步云,错过,流行,中文,80后｜90后｜00后,正常题库,0,1,0,常规,请猜出这首歌的名字
155,刘若英 - 后来.m4a,刘若英,后来,风筝,你,天黑了,流行,中文,80后｜90后,正常题库,0,1,0,常规,请猜出这首歌的名字
156,前男友 - 其实我想说的还有很多.m4a,前男友,其实我想说的还有很多,相思风雨中,心愿便利贴,情非得已,流行,中文,80后｜90后,正常题库,0,1,0,常规,请猜出这首歌的名字
157,tfboys - 宠爱.m4a,tfboys,宠爱,爱你,萌萌哒,小鹿乱撞,流行,中文,90后｜00后,正常题库,1,1,0,翻唱,请猜出这首歌的名字
158,"功夫胖KungFuPen,刘聪KEY.L - 孤独症DEMO.m4a",功夫胖,孤独症,还好有你,欢迎光临,种太阳,流行,中文,90后｜00后,正常题库,1,1,0,常规,请猜出这首歌的名字
159,半阳 - 一曲相思.m4a,半阳,一曲相思,Shape Of You,Trippy Love,Deep Dusk,流行,中文,90后｜00后,正常题库,1,1,0,常规,请猜出这首歌的名字
160,半阳 - 流浪.m4a,半阳,流浪,想太多,还有我,别知己,流行,中文,90后｜00后,正常题库,1,1,0,常规,请猜出这首歌的名字
161,华晨宇 - 烟火里的尘埃.m4a,华晨宇,烟火里的尘埃,没那么简单,放个大招给你看,我欢喜喜欢你,流行,中文,90后｜00后,正常题库,0,1,0,常规,请猜出这首歌的名字
162,南征北战NZBZ - 哈尼宝贝.m4a,南征北战NZBZ,哈尼宝贝,吻别,如果当时,我们说好的,流行,中文,80后｜90后｜00后,正常题库,0,1,0,常规,请猜出这首歌的名字
163,南征北战NZBZ - 我的天空.m4a,南征北战NZBZ,我的天空,娃娃脸,红豆,爱一点,流行,中文,80后｜90后｜00后,正常题库,0,1,0,常规,请猜出这首歌的名字
164,"卢巧音,王力宏 - 好心分手.m4a","卢巧音,王力宏",好心分手,知否知否,海阔天空,难过到这边就好,流行,中文,80后｜90后,正常题库,0,1,0,常规,请猜出这首歌的名字
165,卢焱 - 流浪.m4a,卢焱,流浪,小确幸,Forever Love,爱情有时很残忍,流行,中文,90后｜00后,正常题库,0,1,0,常规,请猜出这首歌的名字
166,司南 - 烟雨行舟.m4a,司南,烟雨行舟,非酋,猴哥,晴天,流行,中文,90后｜00后,正常题库,0,1,0,常规,请猜出这首歌的名字
167,吴青峰 - 起风了.m4a,吴青峰,起风了,煎熬,风筝,有人,流行,中文,90后｜00后,正常题库,0,1,0,常规,请猜出这首歌的名字
168,"周冬雨,张一山 - 如果我爱你.m4a",张一山,如果我爱你,别知己,站着等你三千年,我真的受伤了,流行,中文,90后｜00后,正常题库,0,1,0,常规,请猜出这首歌的名字
169,周思涵 - 失眠.m4a,周思涵,失眠,新不了情,贰零壹肆,站着等你三千年,流行,中文,90后｜00后,正常题库,0,1,0,常规,请猜出这首歌的名字
170,周柏豪 - 你还怕大雨吗(国语).m4a,周柏豪,你还怕大雨吗,绝不会放过,晚风,流星的眼泪,流行,中文,90后｜00后,正常题库,0,1,0,常规,请猜出这首歌的名字
171,周汤豪 - 帅到分手.m4a,周汤豪,帅到分手,背叛,野花香,再见只是陌生人,流行,中文,90后｜00后,正常题库,0,1,0,常规,请猜出这首歌的名字
172,周深 - 大鱼.m4a,周深,大鱼,家,追光的你,知否知否,流行,中文,80后｜90后｜00后,正常题库,0,1,0,常规,请猜出这首歌的名字
173,周笔畅 - 最美的期待.m4a,周笔畅,最美的期待,造亿万吨光芒,胡广生,让她降落,流行,中文,90后｜00后,正常题库,0,1,0,常规,请猜出这首歌的名字
174,"国风堂,等什么君 - 云兮客.m4a",国风堂,云兮客,一半,你要的全拿走,别怕我伤心,流行,中文,90后｜00后,正常题库,1,1,0,常规,请猜出这首歌的名字
175,大壮 - 伪装.m4a,大壮,伪装,我们的歌,粉红色的回忆,绵羊,流行,中文,90后｜00后,正常题库,0,1,0,常规,请猜出这首歌的名字
176,"奇然,沈谧仁 - 琵琶行.m4a","奇然,沈谧仁",琵琶行,爱，很简单,庄周,快乐的节日,流行,中文,90后｜00后,正常题库,0,1,0,常规,请猜出这首歌的名字
177,姚贝娜 - 御龙吟.m4a,姚贝娜,御龙吟,不搭,和平与爱,还好有你,流行,中文,90后｜00后,正常题库,0,1,0,常规,请猜出这首歌的名字
178,娜美 - 醉仙美.m4a,娜美,醉仙美,拜拜,琵琶语,我也很想他,流行,中文,90后｜00后,正常题库,0,1,0,常规,请猜出这首歌的名字
179,孔柏森 - 我爱他 (Cover：丁当 ).m4a,孔柏森,我爱他,没有什么不同,别想她,好想你,流行,中文,90后｜00后,正常题库,0,1,0,翻唱,请猜出这首歌的名字
180,孙燕姿 - 第一天.m4a,孙燕姿,第一天,吻别,高唐,远走高飞,流行,中文,90后｜00后,正常题库,（音频有点问题）0,1,0,常规,请猜出这首歌的名字
181,"宫阁,Jony J - 让一让.m4a",Jony J,让一让,咿呀呀,素颜,余情未了,流行,中文,90后｜00后,正常题库,1,1,0,常规,请猜出这首歌的名字
182,小咪 - 我走后.m4a,小咪,我走后,我被情伤,爱情惹的祸,我的歌声里,流行,中文,90后｜00后,正常题库,0,1,0,常规,请猜出这首歌的名字
183,小星星Aurora - 坠落星空.m4a,小星星Aurora,坠落星空,爱如潮水,路太弯,你好可爱,流行,中文,90后｜00后,正常题库,0,1,0,常规,请猜出这首歌的名字
184,"小潘潘（潘柚彤）,小峰峰（陈峰） - 学猫叫.m4a",小潘潘,学猫叫,小确幸,一念之间,丑八怪,流行,中文,90后｜00后,正常题库,0,1,0,翻唱,请猜出这首歌的名字
185,小眼鑫 - 犯错 (cover：斯琴高丽／顾峰).m4a,小眼鑫,犯错,黎明前的黑暗,后来的我们,不想睡,流行,中文,90后｜00后,正常题库,0,1,0,翻唱,请猜出这首歌的名字
186,男才女貌 - 外滩十八号.m4a,男才女貌,外滩十八号,恋人未满,爱情错觉,去年夏天,流行,中文,80后｜90后,正常题库,（音频有点问题）0,1,0,常规,请猜出这首歌的名字
187,岑宁儿 - 追光者.m4a,岑宁儿,追光者,咿呀呀,宝贝,个人简介,流行,中文,90后｜00后,正常题库,0,1,0,常规,请猜出这首歌的名字
188,广东雨神 - 不下雪的广东.m4a,广东雨神,不下雪的广东,青梅竹马,你也会像我一样,湫兮如风,流行,中文,80后｜90后｜00后,正常题库,0,1,0,常规,请猜出这首歌的名字
189,广东雨神 - 广东十年爱情故事.m4a,广东雨神,广东十年爱情故事,让我给你买包烟,突然想起你,最后我们没在一起,流行,粤语,80后｜90后｜00后,正常题库,0,1,0,常规,请猜出这首歌的名字
190,张Pd - 生而为人.m4a,张Pd,生而为人,赢在江湖,不得不爱,浪人琵琶,流行,中文,80后｜90后｜00后,正常题库,0,1,0,常规,请猜出这首歌的名字
191,张学友 - 烦恼歌.m4a,张学友,烦恼歌,浪子回头,你好,不仅仅是喜欢,流行,中文,80后｜90后,正常题库,0,1,0,常规,请猜出这首歌的名字
192,张宇 - 给你们.m4a,张宇,给你们,我曾,月球下的人,一路上有你,流行,中文,80后｜90后,正常题库,0,1,0,常规,请猜出这首歌的名字
193,张小九 - 余香.m4a,张小九,余香,手心的蔷薇,高唐,尽头,流行,中文,90后｜00后,正常题库,0,1,0,常规,请猜出这首歌的名字
194,张紫豪 - 可不可以.m4a,张紫豪,可不可以,我要吃肉肉,生如夏花,带你去旅行,流行,中文,90后｜00后,正常题库,0,1,0,常规,请猜出这首歌的名字
195,张雪飞 - 走心小卖家.m4a,张雪飞,走心小卖家,下一秒,缘分一道桥,叮叮梆梆,流行,中文,90后｜00后,正常题库,0,1,0,常规,请猜出这首歌的名字
196,张震岳 - 小宇.m4a,张震岳,小宇,修炼爱情,陪我做梦,几个你,流行,中文,90后｜00后,正常题库,0,1,0,常规,请猜出这首歌的名字
197,张韶涵 - 欧若拉 (Live).m4a,张韶涵,欧若拉,滚烫的青春,舒伯特玫瑰,我要买,流行,中文,80后｜90后｜00后,正常题库,0,1,0,常规,请猜出这首歌的名字
198,很美味 - 东西.m4a,很美味,东西,卖报歌,从此以后,没那么简单,流行,中文,90后｜00后,正常题库,0,1,0,常规,请猜出这首歌的名字
199,林俊杰 - 不为谁而作的歌 (Live).m4a,林俊杰,不为谁而作的歌,对花,遇到,演员,流行,中文,90后｜00后,正常题库,1,1,0,常规,请猜出这首歌的名字
200,"徐梦圆,冯提莫 - 玻璃糖.m4a",徐梦圆,玻璃糖,学不会,小草,下坠,流行,中文,90后｜00后,正常题库,0,1,0,常规,请猜出这首歌的名字
201,"徐梦圆,双笙 - 藏.m4a",徐梦圆,藏,生而为人,学不会,偏爱,流行,中文,90后｜00后,正常题库,0,1,0,常规,请猜出这首歌的名字
202,"徐秉龙,沈以诚 - 白羊.m4a",沈以诚,白羊,快乐的小歌手,迷人的危险,造亿万吨光芒,流行,中文,90后｜00后,正常题库,0,1,0,常规,请猜出这首歌的名字
203,罗大佑 - 恋曲1990.m4a,罗大佑,恋曲1990,光阴的故事,童年,东方之珠,流行,中文,80后｜90后,正常题库,0,1,0,翻唱,请猜出这首歌的名字
204,戴羽彤 - 那女孩对我说（女生正式版）.m4a,戴羽彤,那女孩对我说,想自由,晚风,不谓侠,流行,中文,90后｜00后,正常题库,0,1,0,翻唱,请猜出这首歌的名字
205,房东的猫 - 云烟成雨.m4a,房东的猫,云烟成雨,下雨天,你笑起来真好看,爱一点,流行,中文,90后｜00后,正常题库,1,1,0,常规,请猜出这首歌的名字
206,排骨教主 - 牵丝戏.m4a,排骨教主,牵丝戏,你,你看到的我,有一种悲伤,流行,中文,90后｜00后,正常题库,0,1,0,常规,请猜出这首歌的名字
207,新乐尘符 - 123我爱你.m4a,新乐尘符,123我爱你,放风筝,偏爱,心太软,流行,中文,90后｜00后,正常题库,0,1,0,常规,请猜出这首歌的名字
208,方大同 - 春风吹.m4a,方大同,春风吹,野花香,拜拜,余香,流行,中文,80后｜90后｜00后,正常题库,0,1,0,常规,请猜出这首歌的名字
209,方雅贤 - 遇到.m4a,方雅贤,遇到,牧马城市,忘不掉的伤,最燃的冒险,流行,中文,90后｜00后,正常题库,1,1,0,常规,请猜出这首歌的名字
210,易欣 - 心碎.m4a,易欣,心碎,有人,像鱼,乘着歌声的翅膀,流行,粤语,80后｜90后,正常题库,1,1,0,常规,请猜出这首歌的名字
211,曾一 - 你的世界到底有了谁.m4a,曾一,你的世界到底有了谁,不要你为难,归去来兮,可惜没如果,流行,中文,90后｜00后,正常题库,0,1,0,常规,请猜出这首歌的名字
212,曾惜 - 讲真的.m4a,曾惜,讲真的,一直,花的嫁纱,想自由,流行,中文,90后｜00后,正常题库,0,1,0,常规,请猜出这首歌的名字
213,曾轶可 - 有可能的夜晚.m4a,曾轶可,有可能的夜晚,我就喜欢宅在家,和你在一起,路人,流行,中文,90后｜00后,正常题库,1,1,0,常规,请猜出这首歌的名字
214,朱主爱 - Malaysia Chabor.m4a,朱主爱,Malaysia Chabor,花仙子之歌,生如夏花,撕夜,流行,中文,90后｜00后,正常题库,0,1,0,常规,请猜出这首歌的名字
215,朴树 - 平凡之路.m4a,朴树,平凡之路,庐州月,奶茶加糖,得意笑,流行,中文,80后｜90后｜00后,正常题库,0,1,0,常规,请猜出这首歌的名字
216,"李俊佑,小潘潘（潘柚彤） - 宠坏.m4a",李俊佑,宠坏,此生不换,幸运女孩,就像个男人,流行,中文,90后｜00后,正常题库,0,1,0,常规,请猜出这首歌的名字
217,李圣杰 - 你那么爱她.m4a,李圣杰,你那么爱她,我喜欢,续夏目友人帐,讲真的,流行,中文,80后｜90后,正常题库,0,1,0,常规,请猜出这首歌的名字
218,李宇春 - 下个，路口，见.m4a,李宇春,下个，路口，见,约定,假装快乐,绝不会放过,流行,中文,90后｜00后,正常题库,1,1,0,常规,请猜出这首歌的名字
219,"李昕融,樊桐舟,李凯稠 - 你笑起来真好看.m4a",李昕融,你笑起来真好看,庆功酒,爱情错觉,新鞋子旧鞋子,流行,中文,80后｜90后,正常题库,0,1,0,常规,请猜出这首歌的名字
220,李荣浩 - 我看着你的时候.m4a,李荣浩,我看着你的时候,三月里的小雨,我走后,你好可爱,流行,中文,80后｜90后｜00后,正常题库,0,1,0,常规,请猜出这首歌的名字
221,李荣浩 - 麻雀.m4a,李荣浩,麻雀,爱你,气球,最美婚礼,流行,中文,80后｜90后｜00后,正常题库,0,1,0,常规,请猜出这首歌的名字
222,罗志祥 - 狐狸精.m4a,罗志祥,狐狸精,无理取闹,恶作剧,专属情歌,流行,中文,80后｜90后,正常题库,0,1,0,常规,请猜出这首歌的名字
223,杨宗纬 - 其实都没有.m4a,杨宗纬,其实都没有,把孤独当做晚餐,魔性小孩,一笑倾城,流行,中文,80后｜90后｜00后,正常题库,0,1,0,常规,请猜出这首歌的名字
224,杨胖雨 - 情深深雨濛濛.m4a,杨胖雨,情深深雨濛濛,即兴,隔壁泰山,雅俗共赏,流行,中文,80后｜90后,正常题库,0,1,0,常规,请猜出这首歌的名字
225,林俊呈 - 东西.m4a,林俊呈,东西,小白兔乖乖,海草舞,老街,流行,中文,80后｜90后｜00后,正常题库,0,1,0,常规,请猜出这首歌的名字
226,林俊杰 - 一千年以后.m4a,林俊杰,一千年以后,默,绵羊,骆驼,流行,中文,80后｜90后,正常题库,0,1,0,常规,请猜出这首歌的名字
227,林俊杰 - 修炼爱情.m4a,林俊杰,修炼爱情,目不转睛,你还怕大雨吗,空空如也,流行,中文,80后｜90后,正常题库,0,1,0,常规,请猜出这首歌的名字
228,林俊杰 - 只对你有感觉.m4a,林俊杰,只对你有感觉,盔甲,水星记,夜来香,流行,中文,80后｜90后,正常题库,0,1,0,常规,请猜出这首歌的名字
229,林俊杰 - 可惜没如果.m4a,林俊杰,可惜没如果,倔强,春风吹,青柠,流行,中文,80后｜90后,正常题库,0,1,0,常规,请猜出这首歌的名字
230,林俊杰 - 曹操.m4a,林俊杰,曹操,感谢你曾来过,还好有你在,爸爸妈妈,流行,中文,80后｜90后,正常题库,0,1,0,常规,请猜出这首歌的名字
231,林俊杰 - 江南.m4a,林俊杰,江南,至少还有我,绵羊,此生不换,流行,中文,80后｜90后,正常题库,0,1,0,常规,请猜出这首歌的名字
232,林俊杰 - 爱笑的眼睛.m4a,林俊杰,爱笑的眼睛,会痛的石头,去年夏天,世界上的另一个我,流行,中文,80后｜90后,正常题库,0,1,0,常规,请猜出这首歌的名字
233,林俊杰 - 第几个100天.m4a,林俊杰,第几个一百天,预谋,表白,分手快乐,流行,中文,80后｜90后,正常题库,1,1,0,常规,请猜出这首歌的名字
234,林俊杰 - 背对背拥抱.m4a,林俊杰,背对背拥抱,第二杯半价,我的名字,感谢你曾经来过,流行,中文,80后｜90后,正常题库,0,1,0,常规,请猜出这首歌的名字
235,林俊杰 - 那些你很冒险的梦.m4a,林俊杰,那些你很冒险的梦,水星记,夜来香,只想对你说,流行,中文,80后｜90后,正常题库,0,1,0,常规,请猜出这首歌的名字
236,林俊杰 - 醉赤壁.m4a,林俊杰,醉赤壁,意外,给陌生的你听,卡布奇诺,流行,中文,80后｜90后,正常题库,0,1,0,常规,请猜出这首歌的名字
237,"林俊杰,蔡卓妍 - 小酒窝.m4a",林俊杰,小酒窝,会痛的石头,倒数,听说,流行,中文,80后｜90后,正常题库,0,1,0,常规,请猜出这首歌的名字
238,"林俊杰,金莎 - 被风吹过的夏天.m4a",林俊杰,被风吹过的夏天,断点,就是爱你,爱呀,流行,中文,80后｜90后,正常题库,0,1,0,常规,请猜出这首歌的名字
239,Leonard _ 王博文 - 乌龟.m4a,王博文,乌龟,该不该,雅俗共赏,一个人去巴黎,流行,中文,90后｜00后,正常题库,1,1,0,常规,请猜出这首歌的名字
240,林子轩 - 低端的鸡蛋.m4a,林子轩,低端的鸡蛋,西安人的歌,不谓侠,杨花落尽子规啼,流行,中文,90后｜00后,正常题库,0,1,0,常规,请猜出这首歌的名字
241,林宥嘉 - 全世界谁倾听你.m4a,林宥嘉,全世界谁倾听你,你，好不好,爱呀,海草舞,流行,中文,90后｜00后,正常题库,0,1,0,常规,请猜出这首歌的名字
242,林宥嘉 - 说谎.m4a,林宥嘉,说谎,身骑白马,古驰古驰,一百万个可能,流行,中文,90后｜00后,正常题库,0,1,0,常规,请猜出这首歌的名字
243,枯木逢春 - 这一生关于你的风景.m4a,枯木逢春,这一生关于你的风景,你就不要想起我,感谢你曾经来过,像我这样的人,流行,中文,90后｜00后,正常题库,0,1,0,常规,请猜出这首歌的名字
244,柏松 - 世间美好与你环环相扣.m4a,柏松,世间美好与你环环相扣,千本樱,你，好不好,请你先说好,流行,中文,90后｜00后,正常题库,1,1,0,常规,请猜出这首歌的名字
245,栗先达 - 觅香.m4a,栗先达,觅香,只对你有感觉,空空如也,好像掉进爱情海里,流行,中文,90后｜00后,正常题库,0,1,0,常规,请猜出这首歌的名字
246,梁咏琪 - 胆小鬼.m4a,梁咏琪,胆小鬼,Apologize,情歌王,三角题,流行,中文,80后｜90后,正常题库,0,1,0,常规,请猜出这首歌的名字
247,毛不易 - 消愁.m4a,毛不易,消愁,只想对你说,吃胖了你就别跑了,气球,流行,中文,90后｜00后,正常题库,0,1,0,常规,请猜出这首歌的名字
248,永彬Ryan.B - 放个大招给你看.m4a,永彬Ryan.B,放个大招给你看,心愿便利贴,一点点,大鱼,流行｜EDM,中文,90后｜00后,正常题库,1,1,0,常规,请猜出这首歌的名字
249,"永彬Ryan.B,AY楊佬叁 - 再也没有.m4a",永彬Ryan.B,再也没有,专属情歌,环游星空,恶作剧,流行｜EDM,中文,90后｜00后,正常题库,0,1,0,常规,请猜出这首歌的名字
250,"永彬Ryan.B,周延英（英子-effie） - 没有理由.m4a",永彬Ryan.B,没有理由,当真,时间的过客,西安人的歌,流行｜hiphop,中文,90后｜00后,正常题库,0,1,0,常规,请猜出这首歌的名字
251,"永彬Ryan.B,狄迪（D-DAY） - 小鹿乱撞.m4a",永彬Ryan.B,小鹿乱撞,七月上,绿色,学不会,流行｜hiphop,中文,90后｜00后,正常题库,1,1,0,常规,请猜出这首歌的名字
252,"潘玮柏,G.E.M.邓紫棋,艾热 AIR - 攀登 (Live).m4a",G.E.M.邓紫棋,攀登,大鱼,当真,有一种悲伤,流行｜hiphop,中文,90后｜00后,正常题库,0,1,0,常规,请猜出这首歌的名字
253,"潘玮柏,SeanT肖恩恩,黄旭 - 爱你3000 (Live).m4a",SeanT肖恩恩,爱你3000,杨花落尽子规啼,分手快乐,沙漠骆驼,流行｜hiphop,中文,90后｜00后,正常题库,1,1,0,常规,请猜出这首歌的名字
254,"潘玮柏,张韶涵 - 快乐崇拜.m4a",张韶涵,快乐崇拜,孽海记,即兴,键盘Solo,流行｜hiphop,中文,80后｜90后,正常题库,0,1,0,常规,请猜出这首歌的名字
255,"潘玮柏,弦子 - 不得不爱.m4a",潘玮柏,不得不爱,隔壁泰山,表白,可不可以,流行,中文,80后｜90后,正常题库,0,1,0,常规,请猜出这首歌的名字
256,火箭少女101 - 卡路里.m4a,火箭少女101,卡路里,来来往往,一个人去巴黎,一万次悲伤,流行,中文,80后｜90后｜00后,正常题库,0,1,0,常规,请猜出这首歌的名字
257,焦迈奇 - 我的名字.m4a,焦迈奇,我的名字,段点,好像掉进爱情海里,好嗨哟,流行,中文,90后｜00后,正常题库,1,1,0,常规,请猜出这首歌的名字
258,燕池 - 九重山.m4a,燕池,九重山,突然好想你,离人愁,背对背拥抱,流行,中文,90后｜00后,正常题库,0,1,0,常规,请猜出这首歌的名字
259,牛奶咖啡 - 咖喱咖喱.m4a,牛奶咖啡,咖喱咖喱,手放开,段点,情人迷,流行,中文,90后｜00后,正常题库,0,1,0,常规,请猜出这首歌的名字
260,王俊琪 - 我多喜欢你，你会知道.m4a,王俊琪,我多喜欢你会知道,肆无忌惮,走马,该不该,流行,中文,90后｜00后,正常题库,0,1,0,常规,请猜出这首歌的名字
261,王力宏 - 你不知道的事.m4a,王力宏,你不知道的事,没有你的陕西省,第二杯半价,9420,流行,中文,80后｜90后,正常题库,0,1,0,常规,请猜出这首歌的名字
262,王力宏 - 唯一.m4a,王力宏,唯一,BOOM,醉仙美,其实,流行,中文,80后｜90后,正常题库,1,1,0,常规,请猜出这首歌的名字
263,王力宏 - 大城小爱(Live).m4a,王力宏,大城小爱,听说,少一点天分,一个人想着一个人,流行,中文,80后｜90后,正常题库,0,1,0,常规,请猜出这首歌的名字
264,王力宏 - 美.m4a,王力宏,美,过得好吗,Hero,你一定要幸福,流行,中文,80后｜90后,正常题库,0,1,0,常规,请猜出这首歌的名字
265,王力宏 - 龙的传人.m4a,王力宏,龙的传人,佛系少女,篝火旁,你不是真正的快乐,流行,中文,80后｜90后,正常题库,0,1,0,常规,请猜出这首歌的名字
266,王嘉尔 - Papillon.m4a,王嘉尔,Papillon,If,忽然之间,不得不爱,流行｜hiphop,英文,90后｜00后,正常题库,0,1,0,常规,请猜出这首歌的名字
267,王大文 - 慢半拍.m4a,王大文,慢半拍,寂寞先生,最美情侣,Hero,流行,中文,90后｜00后,正常题库,0,1,0,常规,请猜出这首歌的名字
268,王大毛 - 去年夏天.m4a,王大毛,去年夏天,你不是真正的快乐,Me Too,环游星空,流行,中文,90后｜00后,正常题库,0,1,0,常规,请猜出这首歌的名字
269,"王天放FrankiD,丁爽 - Fight For It(Prod by.大眼炮).m4a",丁爽,Fight For It,再见 你好,花开的声音,盔甲,流行,中文,90后｜00后,正常题库,1,1,0,常规,请猜出这首歌的名字
270,王小帅 - 最近 (正式版).m4a,王小帅,最近,9420,猜不透,遥远的你,流行,中文,90后｜00后,正常题库,0,1,0,常规,请猜出这首歌的名字
271,自然卷 - 坐在巷口的那对男女.m4a,自然卷,坐在巷口的那对男女,Boom Boom,La La La,你好再见,流行,中文,80后｜90后｜00后,正常题库,0,1,0,常规,请猜出这首歌的名字
272,"王恩信Est,二胖u - 飞.m4a",王恩信Est,飞,Girls Like You,至少还有我,当真,流行,中文,90后｜00后,正常题库,0,1,0,常规,请猜出这首歌的名字
273,大柯 _ 夜尢 - 失眠飞行.m4a,夜尢,失眠飞行,往后余生,其实,带你去旅行,流行,中文,90后｜00后,正常题库,0,1,0,翻唱,请猜出这首歌的名字
274,王泽科 - 晚安（片段）（Cover：颜人中）.m4a,王泽科,晚安,我们不一样,再见 你好,New Soul,流行,中文,90后｜00后,正常题库,0,1,0,翻唱,请猜出这首歌的名字
275,王矜霖 - 她妈妈不喜欢我.m4a,王矜霖,她妈妈不喜欢我,好像掉进爱情海里,空白格,把孤独当做晚餐,流行,中文,90后｜00后,正常题库,0,1,0,常规,请猜出这首歌的名字
276,王菲 - 匆匆那年.m4a,王菲,匆匆那年,小了白了兔,温柔,醉仙美,流行,中文,80后｜90后,正常题库,0,1,0,常规,请猜出这首歌的名字
277,王贰浪 - 少一点天分（Cover 孙盛希）.m4a,王贰浪,少一点天分,长腿叔叔,Disco Inferno,爱你是你还是你,流行,中文,80后｜90后｜00后,正常题库,0,1,0,翻唱,请猜出这首歌的名字
278,田一龙 - 一定要爱你(网络版).m4a,田一龙,一定要爱你,F.I.R.-月牙湾,最后一次分离,文爱,流行,中文,90后｜00后,正常题库,0,1,0,常规,请猜出这首歌的名字
279,田馥甄 - 小幸运.m4a,田馥甄,小幸运,分手快乐,爸爸妈妈,说谎,流行,中文,80后｜90后｜00后,正常题库,0,1,0,常规,请猜出这首歌的名字
280,田馥甄 - 魔鬼中的天使.m4a,田馥甄,魔鬼中的天使,你打不过我吧,三角题,遇见,流行,中文,80后｜90后｜00后,正常题库,0,1,0,常规,请猜出这首歌的名字
281,白小白 - 最美情侣.m4a,白小白,最美情侣,做我的猫,出山,等一分钟,流行,中文,80后｜90后,正常题库,1,1,0,常规,请猜出这首歌的名字
282,程佳佳 - 山楂树之恋.m4a,程佳佳,山楂树之恋,Colors,不在,好久不见,流行,中文,80后｜90后,正常题库,1,1,0,常规,请猜出这首歌的名字
283,周杰伦 - 晴天.m4a,周杰伦,晴天,告白气球,搁浅,夜曲,流行,中文,80后｜91后,正常题库,0,1,0,常规,请猜出这首歌的名字
284,苏运莹 - 野子.m4a,苏运莹,野子,海,画,谁伴我闯荡,流行,中文,90后｜00后,正常题库,0,1,0,翻唱,请猜出这首歌的名字
285,等什么君 - 关山酒.m4a,等什么君,关山酒,一个人去巴黎,沙漠骆驼,关于你,流行,中文,90后｜00后,正常题库,1,1,0,常规,请猜出这首歌的名字
286,等什么君 - 谁念西风独自凉.m4a,等什么君,谁念西风独自凉,老街,断点,当妮走了,流行,中文,90后｜00后,正常题库,1,1,0,常规,请猜出这首歌的名字
287,等什么君 - 辞九门回忆.m4a,等什么君,辞九门回忆,走马,莫妮卡,长腿叔叔,流行,中文,90后｜00后,正常题库,1,1,0,常规,请猜出这首歌的名字
288,米津玄師 - Lemon（局部）.m4a,米津玄師,Lemon,卡布奇诺,突然好想你,浪够了再回来,流行,日语,90后｜00后,正常题库,0,1,0,常规,请猜出这首歌的名字
289,红双囍 - 小姐姐.m4a,红双囍,小姐姐,时间的过客,想你,念旧,流行,中文,90后｜00后,正常题库,1,1,0,常规,请猜出这首歌的名字
290,翁大涵 - 莫愁.m4a,翁大涵,莫愁,莫妮卡,修炼爱情,温柔,流行,中文,90后｜00后,正常题库,0,1,0,常规,请猜出这首歌的名字
291,老二道（半吨兄弟） - 爱情错觉（Cover：王娅）.m4a,老二道,爱情错觉,浪够了再回来,太多,备爱,流行,中文,90后｜00后,正常题库,0,1,0,常规,请猜出这首歌的名字
292,胜屿 - 着迷.m4a,胜屿,着迷,有何不可,此生不换,至少还有我,流行,中文,90后｜00后,正常题库,0,1,0,常规,请猜出这首歌的名字
293,胡彦斌 - 你要的全拿走.m4a,胡彦斌,你要的全拿走,另一个童话,越来越不懂,感谢你曾来过,流行,中文,80后｜90后,正常题库,0,1,0,常规,请猜出这首歌的名字
294,胡彦斌 - 高手.m4a,胡彦斌,高手,淘汰,学不会,我的名字,流行,中文,80后｜90后,正常题库,1,1,0,常规,请猜出这首歌的名字
295,"艾热 AIR,李佳隆 - 星球坠落 (Live).m4a",艾热,星球坠落,三角题,口是心非,烟雨行舟,流行｜hiphop,中文,90后｜00后,正常题库,0,1,0,常规,请猜出这首歌的名字
296,花粥 - 归去来兮.m4a,花粥,归去来兮,青柠,可惜没如果,静悄悄,流行,中文,90后｜00后,正常题库,1,1,0,常规,请猜出这首歌的名字
297,花粥 - 纸短情长.m4a,花粥,纸短情长,请你先说好,只对你有感觉,寸步不离,流行,中文,90后｜00后,正常题库,0,1,0,常规,请猜出这首歌的名字
298,"花粥,王胜娚 - 出山.m4a",花粥,出山,烟雨行舟,寂寞先生,疑心病,流行,中文,90后｜00后,正常题库,1,1,0,常规,请猜出这首歌的名字
299,"花粥,马雨阳 - 盗将行.m4a",花粥,盗将行,遥远的你,红豆,我们不一样,流行,中文,90后｜00后,正常题库,1,1,0,常规,请猜出这首歌的名字
300,苏白睡醒啦 - 樱花草 (cover：sweety).m4a,苏白睡醒啦,樱花草,静悄悄,烦恼歌,当你,流行,中文,80后｜90后,正常题库,0,1,0,常规,请猜出这首歌的名字
301,"苏谭谭,佳鹏 - 渡我不渡她.m4a",苏谭谭,渡我不渡她,爱呀,好久不见,断点,流行,中文,80后｜90后,正常题库,0,1,0,常规,请猜出这首歌的名字
302,"苏鑫,G.Sook - 夏天的雨.m4a",苏鑫,夏天的雨,红豆,放开手别挽留,给你们,流行,中文,90后｜00后,正常题库,0,1,0,常规,请猜出这首歌的名字
303,茄子蛋 - 浪子回头.m4a,茄子蛋,浪子回头,爱你三千遍,水从天上来,东西,流行,中文,80后｜90后,正常题库,0,1,0,常规,请猜出这首歌的名字
304,莫文蔚 - 慢慢喜欢你.m4a,莫文蔚,慢慢喜欢你,不谓侠,一个人记得,乘着歌声的翅膀,流行,中文,80后｜90后,正常题库,0,1,0,常规,请猜出这首歌的名字
305,莫艳琳 - 爱一点.m4a,莫艳琳,爱一点,美美哒,海鸥,校园里的小白杨,流行,中文,80后｜90后,正常题库,0,1,0,常规,请猜出这首歌的名字
306,萧亚轩 - 突然想起你.m4a,萧亚轩,突然想起你,赤伶,父亲写的散文诗,心安理得,流行,中文,80后｜90后,正常题库,0,1,0,常规,请猜出这首歌的名字
307,葛仲珊 - 皇后区的皇后.m4a,葛仲珊,皇后区的皇后,千盏,可惜没如果,红星歌,流行,中文,90后｜00后,正常题库,1,1,0,常规,请猜出这首歌的名字
308,蔡健雅 - 空白格.m4a,蔡健雅,空白格,初恋粉色系,归寻,如果·爱,流行,中文,80后｜90后｜00后,正常题库,0,1,0,常规,请猜出这首歌的名字
309,蔡健雅 - 红色高跟鞋.m4a,蔡健雅,红色高跟鞋,丑八怪,别知己,刚刚好,流行,中文,80后｜90后｜00后,正常题库,0,1,0,常规,请猜出这首歌的名字
310,薛之谦 - 我好像在哪见过你.m4a,薛之谦,我好像在哪见过你,你的前男友,这里那里,凉凉,流行,中文,90后｜00后,正常题库,0,1,0,常规,请猜出这首歌的名字
311,薛凯琪 - 周末画报.m4a,薛凯琪,周末画报,当,云烟成雨,月球下的人,流行,中文,80后｜90后,正常题库,0,1,0,常规,请猜出这首歌的名字
312,蘇山海 - 无名之辈（cover：陈雪燃）.m4a,蘇山海,无名之辈,终于等到你,一个人生活,醉赤壁,流行,中文,80后｜90后｜00后,正常题库,0,1,0,翻唱,请猜出这首歌的名字
313,袁娅维 - 说散就散.m4a,袁娅维,说散就散,脏歌,晚安,不再联系,流行,中文,80后｜90后｜00后,正常题库,0,1,0,常规,请猜出这首歌的名字
314,要不要买菜 - 下山.m4a,要不要买菜,下山,天黑黑,忽冷忽热,倒霉鬼,流行,中文,90后｜00后,正常题库,1,1,0,常规,请猜出这首歌的名字
315,解忧邵帅 - 写给黄淮.m4a,解忧邵帅,写给黄淮,七秒钟的记忆,囚鸟,花仙子之歌,流行,中文,90后｜00后,正常题库,1,1,0,常规,请猜出这首歌的名字
316,许哲佩 - 气球.m4a,许哲佩,气球,最后一次的温柔,超级英雄狂想曲,味道,流行,中文,90后｜00后,正常题库,0,1,0,常规,请猜出这首歌的名字
317,许嵩 - 天龙八部之宿敌.m4a,许嵩,天龙八部之宿敌,再见不负遇见,南山南,表白,流行,中文,90后｜00后,正常题库,0,1,0,常规,请猜出这首歌的名字
318,许嵩 - 有何不可.m4a,许嵩,有何不可,长痛不如短痛,九百九十九朵玫瑰,丑八怪,流行,中文,90后｜00后,正常题库,0,1,0,常规,请猜出这首歌的名字
319,许飞 - 父亲写的散文诗.m4a,许飞,父亲写的散文诗,让你走,好想好想,舒伯特玫瑰,流行,中文,80后｜90后｜00后,正常题库,0,1,0,常规,请猜出这首歌的名字
320,谢震廷 - 你的行李.m4a,谢震廷,你的行李,大城小爱,晚风,阴天,流行,中文,90后｜00后,正常题库,0,1,0,常规,请猜出这首歌的名字
321,萧亚轩 - 爱的主打歌.m4a,萧亚轩,爱的主打歌,突然想起你,最熟悉的陌生人,潇洒小姐,流行,中文,80后｜90后,正常题库,0,1,0,常规,请猜出这首歌的名字
322,赵紫骅 - 可乐.m4a,赵紫骅,可乐,我的洗发液,中国话,原来的我,流行,中文,80后｜90后｜00后,正常题库,1,1,0,常规,请猜出这首歌的名字
323,赵雷 - 成都.m4a,赵雷,成都,爱你等于爱自己,一眼万年,挂神到！,流行,中文,80后｜90后｜00后,正常题库,0,1,0,常规,请猜出这首歌的名字
324,赵雷 - 我们的时光.m4a,赵雷,我们的时光,大力出奇迹,俾面派对,眼泪成诗,流行,中文,80后｜90后｜00后,正常题库,0,1,0,常规,请猜出这首歌的名字
325,赵雷 - 阿刁.m4a,赵雷,阿刁,别来无恙,一个人生活,读书郎,流行,中文,80后｜90后｜00后,正常题库,0,1,0,常规,请猜出这首歌的名字
326,周杰伦 - 园游会.m4a,周杰伦,园游会,彩虹,半岛铁盒,轨迹,流行,中文,80后｜90后,正常题库,1,1,0,常规,请猜出这首歌的名字
327,逃跑计划 - 夜空中最亮的星.m4a,逃跑计划,夜空中最亮的星,胡广生,潇洒走一回,及时行乐,流行｜摇滚,中文,80后｜90后｜00后,正常题库,0,1,0,常规,请猜出这首歌的名字
328,"那吾克热-NW,尤长靖 - 飘向北方 (Live).m4a",尤长靖,飘向北方,冬天的预感,怎样,走火入魔,流行｜hiphop,中文,90后｜00后,正常题库,0,1,0,常规,请猜出这首歌的名字
329,邱振哲 - 太阳.m4a,邱振哲,太阳,身骑白马,分不开,我要吃肉肉,流行,中文,90后｜00后,正常题库,0,1,0,常规,请猜出这首歌的名字
330,邱琢然 - 只要我们在一起.m4a,邱琢然,只要我们在一起,万樽言,弱点,你还要我怎样,流行,中文,90后｜00后,正常题库,0,1,0,常规,请猜出这首歌的名字
331,郁可唯 - 路过人间.m4a,郁可唯,路过人间,漂洋过海来看你,街头霸王,白衣少年,流行,中文,90后｜00后,正常题库,0,1,0,常规,请猜出这首歌的名字
332,郭顶 - 水星记.m4a,郭顶,水星记,三生三世,最后一次的温柔,小情歌,流行,中文,90后｜00后,正常题库,1,1,0,常规,请猜出这首歌的名字
333,"金南玲,李俊佑 - 超级喜欢你.m4a",金南玲,超级喜欢你,喜欢你,花的嫁纱,她的眼睛会唱歌,流行,中文,90后｜00后,正常题库,0,1,0,常规,请猜出这首歌的名字
334,金志文 - 远走高飞.m4a,金志文,远走高飞,你是我的风景,野狼disco,那些你很冒险的梦,流行,中文,80后｜90后,正常题库,0,1,0,常规,请猜出这首歌的名字
335,金玟岐 - 岁月神偷.m4a,金玟岐,岁月神偷,小牧笛,迟到,生死一舞的爱语,流行,中文,90后｜00后,正常题库,0,1,0,常规,请猜出这首歌的名字
336,阿冗 - 你的答案.m4a,阿冗,你的答案,缘分,相遇那么美,南方姑娘,流行,中文,90后｜00后,正常题库,1,1,0,常规,请猜出这首歌的名字
337,周杰伦 - 七里香.m4a,周杰伦,七里香,稻香,一路向北,不能说的秘密,流行,中文,80后｜90后,正常题库,0,1,0,常规,请猜出这首歌的名字
338,Vicetone - Starboy (Vicetone Remix).m4a,Vicetone,Starboy (Vicetone Remix),Photograph,Six Feet Under,Everything I wanted,流行,英文,90后｜00后,正常题库,1,1,0,常规,请猜出这首歌的名字
339,阿木 - 追梦人.m4a,阿木,追梦人,不要你为难,北风,白夜,流行,中文,80后｜90后,正常题库,1,1,0,常规,请猜出这首歌的名字
340,李荣浩 - 戒烟.m4a,李荣浩,戒烟,模特,丑八怪,年少有为,流行,中文,90后｜00后,正常题库,1,1,0,常规,请猜出这首歌的名字
341,"阿肆,郭采洁 - 世界上的另一个我.m4a",郭采洁,世界上的另一个我,南屏晚钟,过客,小半,流行,中文,80后｜90后,正常题库,1,1,0,常规,请猜出这首歌的名字
342,阿虾 - 爱江山更爱美人.m4a,阿虾,爱江山更爱美人,我不能忍,我的名字,诺言,流行,中文,80后｜90后,正常题库,1,1,0,常规,请猜出这首歌的名字
343,陈冠蒲 - 太多.m4a,陈冠蒲,太多,大碗宽面,哭过就好了,慢慢,流行,中文,80后｜90后,正常题库,0,1,0,常规,请猜出这首歌的名字
344,陈奕迅 - K歌之王 (Live).m4a,陈奕迅,K歌之王,你的前男友,哪吒,可惜没如果,流行,粤语,80后｜90后,正常题库,1,1,0,常规,请猜出这首歌的名字
345,陈奕迅 - 好久不见.m4a,陈奕迅,好久不见,赤伶,你给我听好,红星歌,流行,粤语,80后｜90后,正常题库,1,1,0,常规,请猜出这首歌的名字
346,陈奕迅 - 孤独患者.m4a,陈奕迅,孤独患者,和你很像的人,路人,姑娘,流行,粤语,80后｜90后,正常题库,0,1,0,常规,请猜出这首歌的名字
347,陈奕迅 - 富士山下.m4a,陈奕迅,富士山下,侧脸,只要平凡,Bye Bye,流行,粤语,80后｜90后,正常题库,0,1,0,常规,请猜出这首歌的名字
348,陈奕迅 - 浮夸.m4a,陈奕迅,浮夸,岁月神偷,流着泪说分手,如约,流行,粤语,80后｜90后,正常题库,0,1,0,常规,请猜出这首歌的名字
349,陈奕迅 - 淘汰.m4a,陈奕迅,淘汰,肆无忌惮,不分手的恋爱,Lutra,流行,粤语,80后｜90后,正常题库,0,1,0,常规,请猜出这首歌的名字
350,Queen - Bohemian Rhapsody.m4a,Queen,波西米亚狂想曲,Mama,We will rock you,Love of my life,摇滚,英文,80后｜90后,正常题库,1,1,0,常规,请猜出这首歌的名字
351,Queen - Radio Ga Ga.m4a,Queen,Radio Ga Ga,We Are the Champions,Save me,We will rock you,摇滚,英文,80后｜90后,正常题库,0,1,0,常规,请猜出这首歌的名字
352,Queen - We Are the Champions.m4a,Queen,We Are the Champions,Radio Ga Ga,Love of my life,The show must go on,摇滚,英文,80后｜90后,正常题库,0,1,0,常规,请猜出这首歌的名字
353,Beyond - 冷雨夜.m4a,Beyond,冷雨夜,海阔天空,真的爱你,情人,摇滚,粤语,80后｜90后,正常题库,0,1,0,常规,请猜出这首歌的名字
354,Beyond - 情人.m4a,Beyond,情人,光辉岁月,不再犹豫,灰色轨迹,摇滚,粤语,80后｜90后,正常题库,0,1,0,常规,请猜出这首歌的名字
355,陈奕迅 - 陪你度过漫长岁月.m4a,陈奕迅,陪你度过漫长岁月,快递甜心,我要和你在一起,归寻,流行,中文,80后｜90后,正常题库,1,1,0,常规,请猜出这首歌的名字
356,"陈奕迅,王菲 - 因为爱情.m4a",王菲,因为爱情,你就不要想起我,断点,庄周,流行,中文,80后｜90后,正常题库,0,1,0,常规,请猜出这首歌的名字
357,"陈威全,DP龙猪,刘至佳 - 我爱他.m4a",陈威全,我爱他,有一点动心,三人游,一个人的北京,流行,中文,80后｜90后｜00后,正常题库,0,1,0,常规,请猜出这首歌的名字
358,陈柏宇 - 你瞒我瞒.m4a,陈柏宇,你瞒我瞒,如果这就是爱情,环游世界,校园多美好,流行,粤语,80后｜90后｜00后,正常题库,0,1,0,常规,请猜出这首歌的名字
359,陈柯宇 - 生僻字.m4a,陈柯宇,生僻字,死机之歌,快递甜心,此生不换,流行,中文,90后｜00后,正常题库,1,1,0,常规,请猜出这首歌的名字
360,陈粒 - 光.m4a,陈粒,光,还没全蛋就铁柱,可乐,和平与爱,流行,中文,90后｜00后,正常题库,0,1,0,常规,请猜出这首歌的名字
361,陈粒 - 小半.m4a,陈粒,小半,安静,晚婚,生僻字,流行,中文,90后｜00后,正常题库,1,1,0,常规,请猜出这首歌的名字
362,陈粒 - 桥豆麻袋.m4a,陈粒,桥豆麻袋,越长大越孤单,安阳安阳,伪装,流行,中文,90后｜00后,正常题库,1,1,0,常规,请猜出这首歌的名字
363,陈粒 - 走马.m4a,陈粒,走马,霸王别姬,心雨,你好可爱,流行,中文,90后｜00后,正常题库,1,1,0,常规,请猜出这首歌的名字
364,陈雪凝 - 你的酒馆对我打了烊.m4a,陈雪凝,你的酒馆对我打了烊,霍元甲,只要平凡,大小姐的逃亡生涯,流行,中文,90后｜00后,正常题库,0,1,0,常规,请猜出这首歌的名字
365,陈雪凝 - 假装.m4a,陈雪凝,假装,爱啦啦,123我爱你,小尾巴,流行,中文,90后｜00后,正常题库,1,1,0,常规,请猜出这首歌的名字
366,陈鸿宇 - 理想三旬.m4a,陈鸿宇,理想三旬,深海处男,环游世界,天亮以前说再见,流行,中文,90后｜00后,正常题库,1,1,0,常规,请猜出这首歌的名字
367,陶喆 - 寂寞的季节.m4a,陶喆,寂寞的季节,像风一样自由,DOREMI,直觉,流行,中文,80后｜90后,正常题库,0,1,0,常规,请猜出这首歌的名字
368,陶喆 - 流沙.m4a,陶喆,流沙,地厚天高,天亮以前说再见,给我一个吻,流行,中文,80后｜90后,正常题库,0,1,0,常规,请猜出这首歌的名字
369,陶喆 - 爱，很简单.m4a,陶喆,爱，很简单,雪人,夜光,新鸳鸯蝴蝶梦,流行,中文,80后｜90后,正常题库,0,1,0,常规,请猜出这首歌的名字
370,"陶喆,卢广仲 - 那个女孩.m4a",陶喆,那个女孩,勉为其难,是缘,归寻,流行,中文,80后｜90后,正常题库,0,1,0,常规,请猜出这首歌的名字
371,隔壁老樊 - 世本常态.m4a,隔壁老樊,世本常态,浪人琵琶,青春修炼手册,女孩,流行,中文,90后｜00后,正常题库,1,1,0,常规,请猜出这首歌的名字
372,隔壁老樊 - 四块五.m4a,隔壁老樊,四块五,洛天依投食歌,讲真的,爱的双重魔力,流行,中文,90后｜00后,正常题库,1,1,0,常规,请猜出这首歌的名字
373,隔壁老樊 - 幻听（Cover：许嵩）.m4a,隔壁老樊,幻听,女人花,失眠,夜半,流行,中文,90后｜00后,正常题库,1,1,0,常规,请猜出这首歌的名字
374,隔壁老樊 - 我曾.m4a,隔壁老樊,我曾,空城,心安理得,不仅仅是喜欢,流行,中文,90后｜00后,正常题库,0,1,0,常规,请猜出这首歌的名字
375,隔壁老樊 - 我的姑娘 她在远方.m4a,隔壁老樊,我的姑娘 她在远方,浪人琵琶,学不会,天空之外,流行,中文,90后｜00后,正常题库,1,1,0,常规,请猜出这首歌的名字
376,青蛙 - 小跳蛙.m4a,青蛙,小跳蛙,两难,干杯,夜夜夜夜,流行,中文,90后｜00后,正常题库,0,1,0,常规,请猜出这首歌的名字
377,"韩红,陈奕迅 - 十年(Live).m4a",韩红,十年,和平分手,超级英雄狂想曲,溯,流行,中文,80后｜90后,正常题库,0,1,0,常规,请猜出这首歌的名字
378,音阙诗听 - 红昭愿.m4a,音阙诗听,红昭愿,和平分手,走心小卖家,偏爱,流行,中文,90后｜00后,正常题库,1,1,0,常规,请猜出这首歌的名字
379,"音阙诗听,赵方婧 - 芒种.m4a",赵方婧,芒种,霜雪千年,小酒窝,当真,流行,中文,90后｜00后,正常题库,0,1,0,常规,请猜出这首歌的名字
380,颜人中 - 孤单心事.m4a,颜人中,孤单心事,一场游戏一场梦,追光者,想太多,流行,中文,90后｜00后,正常题库,0,1,0,常规,请猜出这首歌的名字
381,颜人中 - 我只能离开.m4a,颜人中,我只能离开,招娣,夏日终曲,爱转角,流行,中文,90后｜00后,正常题库,0,1,0,翻唱,请猜出这首歌的名字
382,颜人中 - 有可能的夜晚.m4a,颜人中,有可能的夜晚,守护永恒的爱,修炼爱情,答应不爱你,流行,中文,90后｜00后,正常题库,0,1,0,常规,请猜出这首歌的名字
383,马忠宇 - 只为红颜.m4a,马忠宇,只为红颜,让我们荡起双桨,如果这就是爱情,夏天,流行,中文,90后｜00后,正常题库,0,1,0,常规,请猜出这首歌的名字
384,马良 - 往后余生.m4a,马良,往后余生,东西,明明就,姬和不如,流行,中文,90后｜00后,正常题库,0,1,0,常规,请猜出这首歌的名字
385,鱼大仙儿 - 我曾（Cover：隔壁老樊）.m4a,鱼大仙儿,我曾,说散就散,牛背上的孩子,你瞒我瞒,流行,中文,90后｜00后,正常题库,0,1,0,常规,请猜出这首歌的名字
386,鹏泊 - 啷个哩个啷.m4a,鹏泊,啷个哩个啷,不潮不用花钱,成全,被风吹过的夏天,流行,中文,90后｜00后,正常题库,0,1,0,常规,请猜出这首歌的名字
387,鹿先森乐队 - 春风十里.m4a,鹿先森乐队,春风十里,爱我波澜,刚好遇见你,Someday,流行｜民谣,中文,80后｜90后｜00后,正常题库,0,1,0,常规,请猜出这首歌的名字
388,黄义达 - 那女孩对我说.m4a,黄义达,那女孩对我说,再强调一遍,把悲伤留给自己,圈住你,流行,中文,80后｜90后｜00后,正常题库,0,1,0,常规,请猜出这首歌的名字
389,黄鲲 - 住在你的心脏.m4a,黄鲲,住在你的心脏,权御天下,丑八怪,你,流行,中文,90后｜00后,正常题库,0,1,0,常规,请猜出这首歌的名字
390,费玉清 - 一剪梅.m4a,费玉清,一剪梅,千里之外,南屏晚钟,相思比梦长,流行,中文,80后｜90后,正常题库,0,1,0,常规,请猜出这首歌的名字
391,费翔 - 冬天里的一把火.m4a,费翔,冬天里的一把火,如果这都不算爱,当,只对你有感觉,流行,中文,80后｜90后,正常题库,0,1,0,常规,请猜出这首歌的名字
392,迪克牛仔 - 有多少爱可以重来.m4a,迪克牛仔,有多少爱可以重来,都是假象,最美的期待,最燃的冒险,流行,中文,80后｜90后,正常题库,0,1,0,常规,请猜出这首歌的名字
393,那英 - 一笑而过.m4a,那英,一笑而过,差不多姑娘,凉凉,下一秒,流行,中文,80后｜90后,正常题库,0,1,0,翻唱,请猜出这首歌的名字
394,郭富城 - Para Para Sakura.m4a,郭富城,Para Para Sakura,哪吒,葫芦娃,小情歌,流行,中文,80后｜90后,正常题库,1,1,0,常规,请猜出这首歌的名字
395,陈小云 - 爱情骗子我问你.m4a,陈小云,爱情骗子我问你,失眠,侧脸,课间进行曲,流行,中文,80后｜90后,正常题库,1,1,0,常规,请猜出这首歌的名字
396,陈慧娴 - 千千阙歌.m4a,陈慧娴,千千阙歌,喊出我的名字,去终南,今天你要嫁给我,流行,中文,80后｜90后,正常题库,0,1,0,常规,请猜出这首歌的名字
397,陈慧琳 - 不如跳舞.m4a,陈慧琳,不如跳舞,少年如故,无条件爱你,晚婚,流行,中文,80后｜90后,正常题库,0,1,0,常规,请猜出这首歌的名字
398,香香 - 老鼠爱大米.m4a,香香,老鼠爱大米,无愧,Nevada,叹云兮,流行,中文,80后｜90后,正常题库,0,1,0,常规,请猜出这首歌的名字
399,齐秦 - 大约在冬季.m4a,齐秦,大约在冬季,荣耀的战场,恋爱啦,夏天,流行,中文,80后｜90后,正常题库,0,1,0,翻唱,请猜出这首歌的名字
400,薛之谦 - 病态.m4a,薛之谦,病态,绅士,演员,我不明白,流行,中文,90后｜00后,正常题库,0,1,0,常规,请猜出这首歌的名字
